year,m,x,y,fit,lwr,upr,residuals,outlier
2002,10,46764, 59257, 75121.65,69440.128, 80803.18,-15864.65,TRUE
2002,11,30375, 39913, 49963.22,46240.947, 53685.49,-10050.22,TRUE
2003,08,27705, 57004, 45864.56,42379.167, 49349.94, 11139.44,TRUE
2003,10,43089, 57495, 69480.23,64287.930, 74672.53,-11985.23,TRUE
2004,09,67038,121395,106243.87,97642.947,114844.80, 15151.13,TRUE
2005,10,48878, 65023, 78366.81,72395.960, 84337.67,-13343.81,TRUE
2005,11,25587, 31631, 42613.25,39288.884, 45937.63,-10982.25,TRUE
2006,08,25670, 54630, 42740.67,39410.484, 46070.85, 11889.33,TRUE
2006,09,37137, 76475, 60343.43,55893.546, 64793.32, 16131.57,TRUE
2007,08, 6299, 91085, 13004.62, 9603.641, 16405.61, 78080.38,TRUE
