satelitex,satelitey,month,term,estimate,stderror,statistic,pvalue,conflow,confhigh
NPP-375D,NPP-375-PM,month\_01,(Intercept), 1.175248e+04,1.669151e+03, 7.040997,1.354463e-05, 8.115717e+03,1.538925e+04
NPP-375D,NPP-375-PM,month\_01,x, 1.024207e+00,2.326915e-01, 4.401565,8.630203e-04, 5.172156e-01,1.531198e+00
NPP-375D,NPP-375-PM,month\_02,(Intercept), 6.707224e+03,7.538146e+02, 8.897711,1.245538e-06, 5.064803e+03,8.349645e+03
NPP-375D,NPP-375-PM,month\_02,x, 1.067472e+00,1.454757e-01, 7.337805,9.001685e-06, 7.505079e-01,1.384436e+00
NPP-375D,NPP-375-PM,month\_03,(Intercept), 7.408399e+03,8.645532e+02, 8.569049,1.847990e-06, 5.524699e+03,9.292099e+03
NPP-375D,NPP-375-PM,month\_03,x, 6.614053e-01,9.982616e-02, 6.625571,2.445328e-05, 4.439028e-01,8.789078e-01
NPP-375D,NPP-375-PM,month\_04,(Intercept), 5.414509e+03,1.663596e+03, 3.254701,6.896052e-03, 1.789844e+03,9.039174e+03
NPP-375D,NPP-375-PM,month\_04,x, 1.040448e+00,3.946076e-01, 2.636664,2.170701e-02, 1.806717e-01,1.900224e+00
NPP-375D,NPP-375-PM,month\_05,(Intercept), 4.447950e+03,1.802849e+03, 2.467179,2.964625e-02, 5.198807e+02,8.376020e+03
NPP-375D,NPP-375-PM,month\_05,x, 1.567660e+00,2.259632e-01, 6.937678,1.565560e-05, 1.075329e+00,2.059992e+00
NPP-375D,NPP-375-PM,month\_06,(Intercept), 9.871345e+03,3.004600e+03, 3.285411,6.514474e-03, 3.324884e+03,1.641781e+04
NPP-375D,NPP-375-PM,month\_06,x, 1.365136e+00,2.022864e-01, 6.748533,2.048218e-05, 9.243921e-01,1.805880e+00
NPP-375D,NPP-375-PM,month\_07,(Intercept),-1.307061e+04,7.675250e+03,-1.702955,1.143131e-01,-2.979354e+04,3.652325e+03
NPP-375D,NPP-375-PM,month\_07,x, 3.188170e+00,3.426097e-01, 9.305545,7.749763e-07, 2.441688e+00,3.934652e+00
NPP-375D,NPP-375-PM,month\_08,(Intercept), 6.111063e+04,1.634473e+04, 3.738859,2.827848e-03, 2.549853e+04,9.672274e+04
NPP-375D,NPP-375-PM,month\_08,x, 1.367583e+00,1.647721e-01, 8.299844,2.574645e-06, 1.008575e+00,1.726590e+00
NPP-375D,NPP-375-PM,month\_09,(Intercept), 1.356500e+05,2.141049e+04, 6.335678,3.743217e-05, 8.900052e+04,1.822994e+05
NPP-375D,NPP-375-PM,month\_09,x, 1.019312e+00,1.468857e-01, 6.939492,1.561566e-05, 6.992759e-01,1.339349e+00
NPP-375D,NPP-375-PM,month\_10,(Intercept), 7.191714e+04,1.472170e+04, 4.885113,3.752633e-04, 3.984132e+04,1.039930e+05
NPP-375D,NPP-375-PM,month\_10,x, 1.498436e+00,1.816876e-01, 8.247318,2.749250e-06, 1.102572e+00,1.894299e+00
NPP-375D,NPP-375-PM,month\_11,(Intercept), 5.159302e+04,6.355957e+03, 8.117270,3.238452e-06, 3.774458e+04,6.544146e+04
NPP-375D,NPP-375-PM,month\_11,x, 1.149827e+00,1.668564e-01, 6.891113,1.671915e-05, 7.862777e-01,1.513376e+00
NPP-375D,NPP-375-PM,month\_12,(Intercept), 3.410147e+04,2.607183e+03,13.079818,1.841189e-08, 2.842091e+04,3.978204e+04
NPP-375D,NPP-375-PM,month\_12,x, 8.201941e-01,1.109392e-01, 7.393183,8.351097e-06, 5.784782e-01,1.061910e+00
