satelitex,satelitey,period,obs,fit,lwr,upr
AQUA\_M-T,NOAA-12,2002-07, 16898, 7555.271495,  2385.919626, 12724.6234
AQUA\_M-T,NOAA-12,2002-08, 72412,32846.148232, 11598.563563, 54093.7329
AQUA\_M-T,NOAA-12,2002-09, 93417,54184.456773, 44344.685919, 64024.2276
AQUA\_M-T,NOAA-12,2002-10, 59257,44653.237348, 42161.580573, 47144.8941
AQUA\_M-T,NOAA-12,2002-11, 39913,27390.232753, 19090.442065, 35690.0234
AQUA\_M-T,NOAA-12,2002-12, 17091, 9399.499669,  6256.648160, 12542.3512
AQUA\_M-T,NOAA-12,2003-01,  6697, 3652.288101,  2668.575211,  4636.0010
AQUA\_M-T,NOAA-12,2003-02,  3099, 1806.392942,   821.178577,  2791.6073
AQUA\_M-T,NOAA-12,2003-03,  3549, 2880.633324,  2087.513048,  3673.7536
AQUA\_M-T,NOAA-12,2003-04,  3643, 1810.720123,  1320.975503,  2300.4647
AQUA\_M-T,NOAA-12,2003-05,  6448, 4021.146561,  3222.513390,  4819.7797
AQUA\_M-T,NOAA-12,2003-06, 16752,10961.228216,  7156.010870, 14766.4456
AQUA\_M-T,NOAA-12,2003-07, 30391,16945.003940, 12272.199175, 21617.8087
AQUA\_M-T,NOAA-12,2003-08, 57004,32429.541031,  2513.698567, 62345.3835
AQUA\_M-T,NOAA-12,2003-09, 97758,56966.273432, 47634.623436, 66297.9234
AQUA\_M-T,NOAA-12,2003-10, 57495,42869.650160, 40511.770297, 45227.5300
AQUA\_M-T,NOAA-12,2003-11, 35421,23479.040848, 16342.400084, 30615.6816
AQUA\_M-T,NOAA-12,2003-12, 22980,14062.550222, 10745.963386, 17379.1371
AQUA\_M-T,NOAA-12,2004-01,  3883, 1715.580255,   741.002436,  2690.1581
AQUA\_M-T,NOAA-12,2004-02,  1932, 1041.440991,  -195.445731,  2278.3277
AQUA\_M-T,NOAA-12,2004-03,  2928, 1822.559864,  1350.683319,  2294.4364
AQUA\_M-T,NOAA-12,2004-04,  2956, 1268.847498,  1017.002961,  1520.6920
AQUA\_M-T,NOAA-12,2004-05,  6609, 4190.786969,  3316.415415,  5065.1585
AQUA\_M-T,NOAA-12,2004-06, 18024,12059.729510,  7658.886432, 16460.5726
AQUA\_M-T,NOAA-12,2004-07, 30356,16920.647560, 12261.168043, 21580.1271
AQUA\_M-T,NOAA-12,2004-08, 64067,32620.513036,  8755.365877, 56485.6602
AQUA\_M-T,NOAA-12,2004-09,121395,72113.428555, 54575.190808, 89651.6663
AQUA\_M-T,NOAA-12,2004-10, 54292,39627.408522, 37392.211057, 41862.6060
AQUA\_M-T,NOAA-12,2004-11, 45364,32136.427560, 19042.085439, 45230.7697
AQUA\_M-T,NOAA-12,2004-12, 28639,18543.481294, 13051.373688, 24035.5889
AQUA\_M-T,NOAA-12,2005-01,  7057, 3900.054563,  2776.274380,  5023.8347
AQUA\_M-T,NOAA-12,2005-02,  2898, 1674.640292,   899.224789,  2450.0558
AQUA\_M-T,NOAA-12,2005-03,  2528, 1141.031065,   484.579538,  1797.4826
AQUA\_M-T,NOAA-12,2005-04,  2743, 1100.843321,   853.051792,  1348.6349
AQUA\_M-T,NOAA-12,2005-05,  5075, 2574.461599,  1963.011398,  3185.9118
AQUA\_M-T,NOAA-12,2005-06,  7854, 3276.900761,  -787.621965,  7341.4235
AQUA\_M-T,NOAA-12,2005-07, 30238,16838.531764, 12223.691829, 21453.3717
AQUA\_M-T,NOAA-12,2005-08, 90729,33341.410050, -1358.300051, 68041.1202
AQUA\_M-T,NOAA-12,2005-09,102455,59976.223410, 50275.737846, 69676.7090
AQUA\_M-T,NOAA-12,2005-10, 65023,50489.879646, 47325.665804, 53654.0935
AQUA\_M-T,NOAA-12,2005-11, 31631,20179.081516, 11092.305263, 29265.8578
AQUA\_M-T,NOAA-12,2005-12, 14332, 7214.857713,  3220.517327, 11209.1981
AQUA\_M-T,NOAA-12,2006-01,  4531, 2161.559887,  1390.759452,  2932.3603
AQUA\_M-T,NOAA-12,2006-02,  2387, 1339.687039,   608.358866,  2071.0152
AQUA\_M-T,NOAA-12,2006-03,  2426,  967.241221,   230.380137,  1704.1023
AQUA\_M-T,NOAA-12,2006-04,  2269,  726.974873,   344.390166,  1109.5596
AQUA\_M-T,NOAA-12,2006-05,  4313, 1771.567250,   845.187947,  2697.9466
AQUA\_M-T,NOAA-12,2006-06,  7601, 3058.409544, -1125.528525,  7242.3476
AQUA\_M-T,NOAA-12,2006-07, 17788, 8174.619444,  3364.557367, 12984.6815
AQUA\_M-T,NOAA-12,2006-08, 54630,32365.351941,   -49.923873, 64780.6278
AQUA\_M-T,NOAA-12,2006-09, 76475,43327.617830, 26475.562178, 60179.6735
AQUA\_M-T,NOAA-12,2006-10, 32043,17105.824324, 12308.852914, 21902.7957
AQUA\_M-T,NOAA-12,2006-11, 29302,18151.217324,  7049.257575, 29253.1771
AQUA\_M-T,NOAA-12,2006-12, 15414, 8071.611101,  4456.464326, 11686.7579
AQUA\_M-T,NOAA-12,2007-01,  4220, 1947.517194,  1088.467570,  2806.5668
AQUA\_M-T,NOAA-12,2007-02,  2761, 1584.838735,   906.187706,  2263.4898
AQUA\_M-T,NOAA-12,2007-03,  3340, 2524.534526,  1897.498163,  3151.5709
AQUA\_M-T,NOAA-12,2007-04,  2550,  948.614185,   663.839733,  1233.3886
AQUA\_M-T,NOAA-12,2007-05,  5123, 2625.037621,  2026.339945,  3223.7353
AQUA\_M-T,NOAA-12,2007-06, 12716, 7475.731969,  4728.269435, 10223.1945
AQUA\_M-T,NOAA-12,2007-07, 19931, 9665.925798,  5616.952104, 13714.8995
AQUA\_M-T,NOAA-12,2007-08, 91085,33351.035710, -1755.512761, 68457.5842
AQUA\_M-T,NOAA-12,2007-09,141220,84817.762875, 55680.988917,113954.5368
AQUA\_M-T,NOAA-12,2007-10, 67228,52721.894261, 49236.562488, 56207.2260
AQUA\_M-T,NOAA-12,2007-11, 31421,19996.234165, 10745.580530, 29246.8878
AQUA\_M-T,NOAA-12,2007-12, 12320, 5621.708161,   821.386091, 10422.0302
AQUA\_M-T,NOAA-12,2008-01,  2777,  954.386625,  -478.837084,  2387.6103
AQUA\_M-T,NOAA-12,2008-02,  1751,  922.798058,  -561.055855,  2406.6520
AQUA\_M-T,NOAA-12,2008-03,  1887,   48.881165, -1189.108999,  1286.8713
AQUA\_M-T,NOAA-12,2008-04,  1906,  440.657896,  -102.414992,   983.7308
AQUA\_M-T,NOAA-12,2008-05,  2951,  336.472626, -1350.388865,  2023.3341
AQUA\_M-T,NOAA-12,2008-06,  4594,  461.559392, -5294.935824,  6218.0546
AQUA\_M-T,NOAA-12,2008-07, 14029, 5558.744230,  -876.925712, 11994.4142
AQUA\_M-T,NOAA-12,2008-08, 34431,31819.203911,-25808.418836, 89446.8267
AQUA\_M-T,NOAA-12,2008-09, 50671,26791.797261, -5228.969235, 58812.5638
AQUA\_M-T,NOAA-12,2008-10, 51784,37088.681695, 34828.251377, 39349.1120
AQUA\_M-T,NOAA-12,2008-11, 30724,19389.355100,  9566.375465, 29212.3347
AQUA\_M-T,NOAA-12,2008-12, 14428, 7290.872801,  3332.015915, 11249.7297
AQUA\_M-T,NOAA-12,2009-01,  3874, 1709.386094,   731.501900,  2687.2703
AQUA\_M-T,NOAA-12,2009-02,  1396,  690.100593, -1303.911168,  2684.1124
AQUA\_M-T,NOAA-12,2009-03,  2002,  244.820694,  -880.058117,  1369.6995
AQUA\_M-T,NOAA-12,2009-04,  2290,  743.538665,   369.382786,  1117.6945
AQUA\_M-T,NOAA-12,2009-05,  3138,  533.508378, -1043.657160,  2110.6739
AQUA\_M-T,NOAA-12,2009-06,  3795, -228.458324, -6433.972490,  5977.0558
AQUA\_M-T,NOAA-12,2009-07,  7824, 1240.706001, -8224.028743, 10705.4407
AQUA\_M-T,NOAA-12,2009-08, 21782,31477.195572,-43378.698237,106333.0894
AQUA\_M-T,NOAA-12,2009-09, 36116,17464.605027,-23602.122070, 58531.3321
AQUA\_M-T,NOAA-12,2009-10, 31215,16267.680060, 11325.889041, 21209.4711
AQUA\_M-T,NOAA-12,2009-11, 29396,18233.063281,  7219.511395, 29246.6152
AQUA\_M-T,NOAA-12,2009-12, 12274, 5585.284265,   765.393194, 10405.1753
AQUA\_M-T,NOAA-12,2010-01,  3683, 1577.932221,   527.669803,  2628.1946
AQUA\_M-T,NOAA-12,2010-02,  2908, 1681.195151,   896.934250,  2465.4561
AQUA\_M-T,NOAA-12,2010-03,  2863, 1711.811434,  1230.719188,  2192.9037
AQUA\_M-T,NOAA-12,2010-04,  2681, 1051.940697,   796.018655,  1307.8627
AQUA\_M-T,NOAA-12,2010-05,  4196, 1648.288196,   662.176389,  2634.4000
AQUA\_M-T,NOAA-12,2010-06,  9894, 5038.648121,  1805.848390,  8271.4479
AQUA\_M-T,NOAA-12,2010-07, 21030,10430.716130,  6692.675965, 14168.7563
AQUA\_M-T,NOAA-12,2010-08, 90444,33333.704115, -1042.341652, 67709.7499
AQUA\_M-T,NOAA-12,2010-09,109030,64189.640719, 52588.659498, 75790.6219
AQUA\_M-T,NOAA-12,2010-10, 38841,23987.110196, 20321.160912, 27653.0595
AQUA\_M-T,NOAA-12,2010-11, 24052,13580.033553, -2981.118951, 30141.1861
AQUA\_M-T,NOAA-12,2010-12,  9761, 3595.430972, -2345.581082,  9536.4430
AQUA\_M-T,NOAA-12,2011-01,  1888,  342.541111, -1500.395767,  2185.4780
AQUA\_M-T,NOAA-12,2011-02,  1127,  513.774907, -1878.529190,  2906.0790
AQUA\_M-T,NOAA-12,2011-03,  1265,-1010.896117, -2883.263951,   861.4717
AQUA\_M-T,NOAA-12,2011-04,  1617,  212.708568,  -469.182912,   894.6000
AQUA\_M-T,NOAA-12,2011-05,  2625,   -7.022857, -1887.060265,  1873.0146
AQUA\_M-T,NOAA-12,2011-06,  5627, 1353.659893, -3837.750688,  6545.0705
AQUA\_M-T,NOAA-12,2011-07,  9768, 2593.528937, -5896.584839, 11083.6427
AQUA\_M-T,NOAA-12,2011-08, 23881,31533.949110,-40429.719460,103497.6177
AQUA\_M-T,NOAA-12,2011-09, 55031,29585.789575,   236.272761, 58935.3064
AQUA\_M-T,NOAA-12,2011-10, 23340, 8296.199294,  1933.093552, 14659.3050
AQUA\_M-T,NOAA-12,2011-11, 18541, 8781.596646,-14048.069465, 31611.2628
AQUA\_M-T,NOAA-12,2011-12, 13389, 6468.167839,  2109.498472, 10826.8372
AQUA\_M-T,NOAA-12,2012-01,  2978, 1092.722899,  -251.451500,  2436.8973
AQUA\_M-T,NOAA-12,2012-02,  1728,  907.721884,  -608.345350,  2423.7891
AQUA\_M-T,NOAA-12,2012-03,  2509, 1108.658447,   437.850670,  1779.4662
AQUA\_M-T,NOAA-12,2012-04,  2507,  914.697849,   617.589976,  1211.8057
AQUA\_M-T,NOAA-12,2012-05,  3987, 1428.071767,   331.303633,  2524.8399
AQUA\_M-T,NOAA-12,2012-06,  6830, 2392.572675, -2170.665182,  6955.8105
AQUA\_M-T,NOAA-12,2012-07, 14868, 6142.601454,    90.757130, 12194.4458
AQUA\_M-T,NOAA-12,2012-08, 50926,32265.201819, -4347.166447, 68877.5701
AQUA\_M-T,NOAA-12,2012-09, 63408,34953.971597, 10652.621298, 59255.3219
AQUA\_M-T,NOAA-12,2012-10, 39860,25018.594501, 21509.624788, 28527.5642
AQUA\_M-T,NOAA-12,2012-11, 18114, 8409.807032,-14916.248281, 31735.8623
AQUA\_M-T,NOAA-12,2012-12,  9519, 3403.809604, -2649.446632,  9457.0658
AQUA\_M-T,NOAA-12,2013-01,  2544,  794.026664,  -744.398570,  2332.4519
AQUA\_M-T,NOAA-12,2013-02,  1715,  899.200569,  -635.140819,  2433.5420
AQUA\_M-T,NOAA-12,2013-03,  2283,  723.594676,  -136.843886,  1584.0332
AQUA\_M-T,NOAA-12,2013-04,  1891,  428.826616,  -121.286875,   978.9401
AQUA\_M-T,NOAA-12,2013-05,  2844,  223.730244, -1526.290578,  1973.7511
AQUA\_M-T,NOAA-12,2013-06,  4665,  522.875109, -5194.176669,  6239.9269
AQUA\_M-T,NOAA-12,2013-07,  8794, 1915.725676, -7060.619136, 10892.0705
AQUA\_M-T,NOAA-12,2013-08, 21410,31467.137298,-43902.393708,106836.6683
AQUA\_M-T,NOAA-12,2013-09, 36019,17402.445107,-23725.040838, 58529.9311
AQUA\_M-T,NOAA-12,2013-10, 22159, 7100.730242,   519.473423, 13681.9871
AQUA\_M-T,NOAA-12,2013-11, 11954, 3046.284740,-27533.248785, 33625.8183
AQUA\_M-T,NOAA-12,2013-12, 11867, 5263.011965,   268.209996, 10257.8139
AQUA\_M-T,NOAA-12,2014-01,  3044, 1138.146751,  -177.189969,  2453.4835
AQUA\_M-T,NOAA-12,2014-02,  1371,  673.713447, -1357.004706,  2704.4316
AQUA\_M-T,NOAA-12,2014-03,  1929,  120.441689, -1076.003218,  1316.8866
AQUA\_M-T,NOAA-12,2014-04,  2024,  533.730632,    45.168294,  1022.2930
AQUA\_M-T,NOAA-12,2014-05,  2931,  315.399283, -1383.247556,  2014.0461
AQUA\_M-T,NOAA-12,2014-06,  6212, 1858.866857, -3022.345643,  6740.0794
AQUA\_M-T,NOAA-12,2014-07, 10529, 3123.106228, -4990.502682, 11236.7151
AQUA\_M-T,NOAA-12,2014-08, 40845,31992.628014,-17169.165454, 81154.4215
AQUA\_M-T,NOAA-12,2014-09, 42049,21266.613376,-16094.000197, 58627.2270
AQUA\_M-T,NOAA-12,2014-10, 36568,21686.262478, 17656.209216, 25716.3157
AQUA\_M-T,NOAA-12,2014-11, 17667, 8020.603385,-15826.231008, 31867.4378
AQUA\_M-T,NOAA-12,2014-12, 10723, 4357.165499, -1144.142638,  9858.4736
AQUA\_M-T,NOAA-12,2015-01,  4313, 2011.523530,  1181.006752,  2842.0403
AQUA\_M-T,NOAA-12,2015-02,  2026, 1103.056658,   -11.810597,  2217.9239
AQUA\_M-T,NOAA-12,2015-03,  1659, -339.590251, -1806.733268,  1127.5528
AQUA\_M-T,NOAA-12,2015-04,  2024,  533.730632,    45.168294,  1022.2930
AQUA\_M-T,NOAA-12,2015-05,  2169, -487.495066, -2640.774580,  1665.7844
AQUA\_M-T,NOAA-12,2015-06,  5569, 1303.570998, -3919.019936,  6526.1619
AQUA\_M-T,NOAA-12,2015-07,  8541, 1739.663844, -7363.692398, 10843.0201
AQUA\_M-T,NOAA-12,2015-08, 37883,31912.540363,-21127.025274, 84952.1060
AQUA\_M-T,NOAA-12,2015-09, 61739,33884.436466,  8588.481443, 59180.3915
AQUA\_M-T,NOAA-12,2015-10, 46741,31983.897251, 29373.866541, 34593.9280
AQUA\_M-T,NOAA-12,2015-11, 26411,15634.018794,  1625.135065, 29642.9025
AQUA\_M-T,NOAA-12,2015-12, 17703, 9884.095855,  6867.409340, 12900.7824
AQUA\_M-T,NOAA-12,2016-01,  5960, 3145.055094,  2389.663550,  3900.4466
AQUA\_M-T,NOAA-12,2016-02,  3238, 1897.505471,   740.163990,  3054.8470
AQUA\_M-T,NOAA-12,2016-03,  3425, 2669.359396,  1978.728905,  3359.9899
AQUA\_M-T,NOAA-12,2016-04,  3408, 1625.363402,  1237.659330,  2013.0675
AQUA\_M-T,NOAA-12,2016-05,  3287,  690.504780,  -799.988776,  2180.9983
AQUA\_M-T,NOAA-12,2016-06,  6185, 1835.549612, -3059.796276,  6730.8955
AQUA\_M-T,NOAA-12,2016-07, 19242, 9186.453059,  4912.047838, 13460.8583
AQUA\_M-T,NOAA-12,2016-08, 39088,31945.121598,-19509.527805, 83399.7710
AQUA\_M-T,NOAA-12,2016-09, 42209,21369.145204,-15891.829351, 58630.1198
AQUA\_M-T,NOAA-12,2016-10, 30809,15856.705941, 10843.497905, 20869.9140
AQUA\_M-T,NOAA-12,2016-11, 19160, 9320.560980,-12791.552400, 31432.6744
AQUA\_M-T,NOAA-12,2016-12,  8206, 2364.144911, -4307.539952,  9035.8298
AQUA\_M-T,NOAA-12,2017-01,  2253,  593.748774, -1078.459867,  2265.9574
AQUA\_M-T,NOAA-12,2017-02,  1239,  587.189319, -1638.468757,  2812.8474
AQUA\_M-T,NOAA-12,2017-03,  1920,  105.107291, -1100.218930,  1310.4335
AQUA\_M-T,NOAA-12,2017-04,  1703,  280.541240,  -359.440416,   920.5229
AQUA\_M-T,NOAA-12,2017-05,  2571,  -63.920882, -1976.153150,  1848.3114
AQUA\_M-T,NOAA-12,2017-06,  5384, 1143.804693, -4178.711193,  6466.3206
AQUA\_M-T,NOAA-12,2017-07, 17568, 8021.522198,  3124.572188, 12918.4722
AQUA\_M-T,NOAA-12,2017-08, 37380,31898.940063,-21804.947336, 85602.8275
AQUA\_M-T,NOAA-12,2017-09, 72895,41033.468177, 22220.362921, 59846.5734
AQUA\_M-T,NOAA-12,2017-10, 33607,18688.985710, 14162.200297, 23215.7711
AQUA\_M-T,NOAA-12,2017-11, 19334, 9472.063070,-12438.809464, 31382.9356
AQUA\_M-T,NOAA-12,2017-12, 11654, 5094.353488,     6.818535, 10181.8884
AQUA\_M-T,NOAA-12,2018-01,  2553,  800.220826,  -734.106354,  2334.5480
AQUA\_M-T,NOAA-12,2018-02,  1476,  742.539458, -1134.554939,  2619.6339
AQUA\_M-T,NOAA-12,2018-03,  2657, 1360.824102,   792.026085,  1929.6221
AQUA\_M-T,NOAA-12,2018-04,  1656,  243.469896,  -419.364408,   906.3042
AQUA\_M-T,NOAA-12,2018-05,  3366,  773.744483,  -671.103234,  2218.5922
AQUA\_M-T,NOAA-12,2018-06,  5790, 1494.426962, -3609.749124,  6598.6030
AQUA\_M-T,NOAA-12,2018-07, 12652, 4600.494651, -2482.730302, 11683.7196
AQUA\_M-T,NOAA-12,2018-08, 22774,31504.017634,-41983.699237,104991.7345
AQUA\_M-T,NOAA-12,2018-09, 42251,21396.059809,-15838.762447, 58630.8821
AQUA\_M-T,NOAA-12,2018-10, 19568, 4477.986539, -2585.058776, 11541.0319
AQUA\_M-T,NOAA-12,2018-11, 13014, 3969.228511,-25352.553976, 33291.0110
AQUA\_M-T,NOAA-12,2018-12,  5113,  -84.966205, -8259.355871,  8089.4235
AQUA\_M-T,NOAA-12,2019-01,  4030, 1816.751561,   894.667343,  2738.8358
AQUA\_M-T,NOAA-12,2019-02,  2865, 1653.009260,   905.248631,  2400.7699
AQUA\_M-T,NOAA-12,2019-03,  5213, 5715.793127,  3247.228379,  8184.3579
AQUA\_M-T,NOAA-12,2019-04,  2842, 1178.929770,   935.535533,  1422.3240
AQUA\_M-T,NOAA-12,2019-05,  2963,  349.116631, -1330.678279,  2028.9115
AQUA\_M-T,NOAA-12,2019-06,  7258, 2762.194179, -1587.814199,  7112.2026
AQUA\_M-T,NOAA-12,2019-07, 13394, 5116.849907, -1614.997149, 11848.6970
AQUA\_M-T,NOAA-12,2019-08, 51935,32292.483535, -3146.349498, 67731.3166
AQUA\_M-T,NOAA-12,2019-09, 53234,28434.228981, -2013.364064, 58881.8220
AQUA\_M-T,NOAA-12,2019-10, 25613,10597.047013,  4650.763401, 16543.3306
AQUA\_M-T,NOAA-12,2019-11, 20585,10561.310861, -9909.369583, 31031.9913
AQUA\_M-T,NOAA-12,2019-12,  7700, 1963.482052, -4950.186120,  8877.1502
AQUA\_M-T,NOAA-12,2020-01,  2866, 1015.640000,  -377.939128,  2409.2191
AQUA\_M-T,NOAA-12,2020-02,  2657, 1516.668210,   873.339347,  2159.9971
AQUA\_M-T,NOAA-12,2020-03,  3880, 3444.598405,  2345.374492,  4543.8223
AQUA\_M-T,NOAA-12,2020-04,  4117, 2184.588571,  1468.497344,  2900.6798
AQUA\_M-T,NOAA-12,2020-05,  4002, 1443.876774,   355.194024,  2532.5595
AQUA\_M-T,NOAA-12,2020-06,  7109, 2633.517534, -1790.007584,  7057.0427
AQUA\_M-T,NOAA-12,2020-07, 15804, 6793.960645,  1158.272112, 12429.6492
AQUA\_M-T,NOAA-12,2020-08, 50694,32258.928918, -4626.077593, 69143.9354
AQUA\_M-T,NOAA-12,2020-09, 69329,38748.290059, 17912.229285, 59584.3508
AQUA\_M-T,NOAA-12,2020-10, 41468,26646.294955, 23375.346587, 29917.2433
AQUA\_M-T,NOAA-12,2020-11, 13463, 4360.173562,-24429.816997, 33150.1641
AQUA\_M-T,NOAA-12,2020-12,  7408, 1732.269493, -5321.834704,  8786.3737
AQUA\_M-T,NOAA-12,2021-01,  2237,  582.736931, -1096.893271,  2262.3671
AQUA\_M-T,NOAA-12,2021-02,  2187, 1208.589875,   286.688052,  2130.4917
AQUA\_M-T,NOAA-12,2021-03,  2501, 1095.027871,   418.082826,  1771.9729
AQUA\_M-T,NOAA-12,2021-04,  2548,  947.036681,   661.716243,  1232.3571
AQUA\_M-T,NOAA-12,2021-05,  5288, 2798.892697,  2234.076964,  3363.7084
AQUA\_M-T,NOAA-12,2021-06,  7470, 2945.277729, -1301.543988,  7192.0994
AQUA\_M-T,NOAA-12,2021-07, 15985, 6919.917925,  1363.007517, 12476.8283
AQUA\_M-T,NOAA-12,2021-08, 51711,32286.426940, -3411.162255, 67984.0161
AQUA\_M-T,NOAA-12,2021-09, 49829,26252.223515, -6286.989413, 58791.4364
AQUA\_M-T,NOAA-12,2021-10, 28342,13359.481427,  7907.257542, 18811.7053
AQUA\_M-T,NOAA-12,2021-11, 11596, 2734.573542,-28270.424129, 33739.5712
AQUA\_M-T,NOAA-12,2021-12,  4387, -659.830307, -9193.554535,  7873.8939
AQUA\_M-T,NOAA-12,2022-01,  2759,  941.998301,  -499.282111,  2383.2787
AQUA\_M-T,NOAA-12,2022-02,  1931, 1040.785506,  -197.426666,  2278.9977
AQUA\_M-T,NOAA-12,2022-03,  1790, -116.389569, -1451.200515,  1218.4214
AQUA\_M-T,NOAA-12,2022-04,  1616,  211.919816,  -470.461365,   894.3010
AQUA\_M-T,NOAA-12,2022-05,  6698, 4284.563343,  3366.305357,  5202.8213
AQUA\_M-T,NOAA-12,2022-06,  7876, 3295.899997,  -758.371302,  7350.1713
AQUA\_M-T,NOAA-12,2022-07, 14212, 5686.093303,  -665.086380, 12037.2730
AQUA\_M-T,NOAA-12,2022-08, 47507,32172.757633, -8550.023552, 72895.5388
AQUA\_M-T,NOAA-12,2022-09, 60313,32970.621549,  6819.933906, 59121.3092
AQUA\_M-T,NOAA-12,2022-10, 32130,17193.890206, 12412.067649, 21975.7128
AQUA\_M-T,NOAA-12,2022-11, 16978, 7420.689934,-17230.981372, 32072.3612
AQUA\_M-T,NOAA-12,2022-12,  6953, 1371.989648, -5902.006189,  8645.9855
AQUA\_M-T,NOAA-12,2023-01,  2494,  759.614656,  -801.623844,  2320.8532
AQUA\_M-T,NOAA-12,2023-02,  2035, 1108.956031,     5.471775,  2212.4403
AQUA\_M-T,NOAA-12,2023-03,  2585, 1238.148919,   622.721613,  1853.5762
AQUA\_M-T,NOAA-12,2023-04,  2359,  797.962553,   450.484137,  1145.4410
AQUA\_M-T,NOAA-12,2023-05,  5286, 2796.785362,  2231.658603,  3361.9121
AQUA\_M-T,NOAA-12,2023-06,  8597, 3918.556785,   187.075320,  7650.0382
AQUA\_M-T,NOAA-12,2023-07, 13985, 5528.124781,  -927.919907, 11984.1695
AQUA\_M-T,NOAA-12,2023-08, 28054,31646.780227,-34601.104248, 97894.6647
AQUA\_M-T,NOAA-12,2023-09, 46486,24109.949133,-10494.635622, 58714.5339
AQUA\_M-T,NOAA-12,2023-10, 39692,24848.536245, 21313.988897, 28383.0836
AQUA\_M-T,NOAA-12,2023-11, 26819,15989.265076,  2408.501596, 29570.0286
AQUA\_M-T,NOAA-12,2023-12, 11509, 4979.539032,  -171.563394, 10130.6415
AQUA\_M-T,NOAA-12,2024-01,  4555, 2178.077651,  1413.162871,  2942.9924
AQUA\_M-T,NOAA-12,2024-02,  4566, 2767.990638,  -319.968143,  5855.9494
AQUA\_M-T,NOAA-12,2024-03,  5448, 6116.191296,  3399.728178,  8832.6544
AQUA\_M-T,NOAA-12,2024-04,  2613,  998.305561,   729.201722,  1267.4094
AQUA\_M-T,NOAA-12,2024-05,  6324, 3890.491838,  3146.229357,  4634.7543
AQUA\_M-T,NOAA-12,2024-06, 12432, 7230.469101,  4482.369283,  9978.5689
AQUA\_M-T,NOAA-12,2024-07, 22478,11438.374366,  7995.158652, 14881.5901
AQUA\_M-T,NOAA-12,2024-08, 68635,32744.024309, 11083.911560, 54404.1371
AQUA\_M-T,NOAA-12,2024-09, 83154,47607.680827, 34122.512631, 61092.8490
AQUA\_M-T,NOAA-12,2024-10, 33356,18434.910577, 13865.084333, 23004.7368
AQUA\_M-T,NOAA-12,2024-11, 22663,12370.628932, -5739.373149, 30480.6310
AQUA\_M-T,NOAA-12,2024-12, 12075, 5427.711322,   522.687086, 10332.7356
AQUA\_M-T,NOAA-12,2025-01,  3137, 1202.153087,   -72.928150,  2477.2343
AQUA\_M-T,NOAA-12,2025-02,  1819,  967.371094,  -422.216427,  2356.9586
AQUA\_M-T,NOAA-12,2025-03,  2357,  849.677503,    54.484334,  1644.8707
AQUA\_M-T,NOAA-12,2025-04,  1641,  231.638616,  -438.515702,   901.7929
AQUA\_M-T,NOAA-12,2025-05,  4263, 1718.883894,   767.201535,  2670.5663
AQUA\_M-T,NOAA-12,2025-06,  6060, 1727.599406, -3233.420839,  6688.6197
AQUA\_M-T,NOAA-12,2025-07,  9803, 2617.885317, -5854.843014, 11090.6136
AQUA\_M-T,NOAA-12,2025-08, 18451,31387.130762,-48078.280287,110852.5418
AQUA\_M-T,NOAA-12,2025-09, 28214,12400.814370,-33629.836380, 58431.4651
AQUA\_M-T,NOAA-12,2025-10, 28678,13699.597939,  8307.635556, 19091.5603
AQUA\_M-T,NOAA-12,2025-11, 21301,11184.733257, -8467.585718, 30837.0522
AQUA\_M-T,NOAA-12,2025-12, 10669, 4314.407012, -1211.282132,  9840.0962
